text,label
pra mim tÃ¡ bom sempre isso,0
sem audio aqui tambÃ©m,1
socorro travou de vez,1
a live caiu de novo de novo,1
nÃ£o tem mais Ã¡udio mano,1
time bom cara,0
juiz horrÃ­vel!!!,0
som ruim demais horrÃ­vel,1
voltou,0
Ã¡udio estourado,1
show,0
tÃ¡ congelando ğŸ˜¤,1
socorro tÃ´ sem Ã¡udio,1
sÃ³ eu melhor jogo do ano?,0
fica no loading aqui tb,1
travando de novo,1
audio sumiu,1
Ã¡udio duplicado pessoal,1
silÃªncio total,1
â¤ï¸ ğŸ˜­,0
Ã¡udio adiantado aqui tb,1
nÃ£o abre a live ğŸ˜¤,1
Ã¡udio gaguejando de novo,1
nÃ£o carrega gente,1
ğŸ˜‚ğŸ˜‚...,0
uÃ© jÃ¡ comeÃ§ou?,0
cheio de pixel ğŸ˜­,1
nÃ£o carrega??,1
esse juiz Ã© roubado,0
alguÃ©m mais tÃ¡ travando?,1
uÃ© som distorcido,1
era pÃªnalti sempre isso,0
olha o goleiro ğŸ˜¤,0
sem narraÃ§Ã£o,1
mano que jogo chato,0
kkkkkkkk,0
vÃ­deo congelou,1
som duplicado,1
gente o som tÃ¡ uns 2 segundos atrÃ¡s,1
sÃ³ tela preta mano,1
o cÃ­rculo fica girando,1
dÃ¡ erro aqui pra mim tambÃ©m,1
resoluÃ§Ã£o caiu pra mim tambÃ©m,1
nÃ£o tem mais som tbm,1
que cena kkk,0
boa!,0
imagem pixelada,1
ğŸ’ªğŸ’ª,0
melhor gol do ano mano,0
aqui tÃ¡ liso que isso,0
buffering pqp,1
talvez,0
uÃ© ficou sem som,1
hauhauha,0
sem narrador kkk,1
socorro o que houve?,0
nÃ£o foi falta aqui tb,0
todo mundo Ã¡udio horrÃ­vel,1
mano!!!,0
audio cortando que isso,1
som caiu mano,1
desfocado demais sempre isso,1
melhor jogo do ano pessoal,0
quando retorna? aqui tambÃ©m,0
aqui tÃ¡ perfeito,0
kkkkkkkkkkk absurdo,0
boca e voz nÃ£o tÃ£o sincronizados pessoal,1
que lindo aqui tambÃ©m,0
o som fica sumindo,1
frango do goleiro frango do goleiro,0
o meu tÃ¡ normal ğŸ˜¤,0
a transmissÃ£o ficou tela preta,1
uÃ© vai SÃ£o Paulo,0
congelou,1
buffering,1
travou que isso,1
ğŸ’ªğŸ’ª...,0
tÃ¡ em 144p ğŸ˜¤,1
juiz horrÃ­vel cara,0
â¤ï¸??,0
roubaram demais pqp,0
quando comeÃ§a? de novo,0
nÃ£o toca,1
que narrador bom,0
que comentarista!!!,0
âš½âš½ aqui tambÃ©m,0
gente narrador animado,0
to assistindo kkk,0
mano kkkkkkkk,0
GOOOOOOL absurdo,0
gente sem audio,1
assistindo aqui??,0
gente a imagem congelou,1
black screen pqp,1
kkkkk aqui tambÃ©m,0
que loucura,0
tÃ¡ sem som que isso,1
depende aqui tambÃ©m,0
ğŸ˜‚ğŸ˜‚ğŸ˜‚,0
nÃ£o sei...,0
tÃ¡ travando pessoal,1
olha o goleiro,0
sensacional...,0
Ã¡udio atrasado ainda,1
sensacional,0
ğŸ¤£ğŸ¤£ğŸ¤£ absurdo,0
ficando sem Ã¡udio aqui tb,1
morreu o Ã¡udio gente,1
vai Santos kkk,0
o cÃ­rculo fica girando pessoal,1
que pintura de novo,0
que narrador bom cara,0
todo mundo ğŸ’ªğŸ’ª,0
todo mundo sumiu a narraÃ§Ã£o,1
Ã¡udio dessincronizado,1
ğŸ‘ kk,0
to aqui,0
juiz horrÃ­vel absurdo,0
o jogador foi bem mano,0
caiu aqui de novo,1
Ã¡udio na frente do vÃ­deo Ã¡udio na frente do vÃ­deo,1
onde assistir?,0
cara,0
alguÃ©m mais â¤ï¸â¤ï¸?,0
tela preta,1
comprimido demais,1
buffering demais,1
cheguei pqp,0
demais sempre isso,0
massa,0
tÃ´ sem som...,1
tela preta pra mim,1
haha,0
alguÃ©m mais sem som aqui?,1
a narraÃ§Ã£o sumiu,1
salve!,0
ğŸ”¥ğŸ”¥ğŸ”¥,0
quando retorna? pqp,0
saiu do ar horrÃ­vel,1
qualidade baixou absurdo,1
a live voltou,0
vai SÃ£o Paulo tbm,0
time fraco horrÃ­vel,0
aqui chegando aqui chegando,0
aqui tÃ¡ perfeito kkk,0
tÃ¡ carregando infinito absurdo,1
uÃ© narraÃ§Ã£o boa,0
vai vaaaai sempre isso,0
tÃ¡ tela preta sempre isso,1
que falha kk,0
vai SÃ£o Paulo kkk,0
som chiando que isso,1
sÃ³ eu saiu do ar?,1
Ã¡udio na frente do vÃ­deo ainda,1
fica no loading,1
vai Santos,0
nÃ£o sai do buffer,1
black screen,1
âš½âš½,0
resolveu o som mano,0
socorro ğŸ™ŒğŸ™Œ,0
que cabeÃ§ada cara,0
sem Ã¡udio aqui ainda,1
gente boa!,0
sÃ³ eu juiz horrÃ­vel?,0
Corinthians! aqui tambÃ©m,0
a live encerrou do nada,1
som ruim demais ğŸ˜¤,1
socorro que time hein,0
tÃ¡ em baixÃ­ssima qualidade...,1
vai Brasil,0
aqui chegando pra mim tambÃ©m,0
nada a ver,0
cara jÃ¡ voltou,0
dÃ¡ bug aqui,1
uÃ© o Ã¡udio tÃ¡ chiando,1
voltou a transmissÃ£o,0
nÃ£o carrega mano,1
gente silÃªncio total,1
ğŸ™ŒğŸ™Œ,0
golaÃ§o kk,0
nao consigo assistir,1
bom dia de novo,0
aqui tÃ¡ Ã³timo mano,0
Ã¡udio fora de sincronia Ã¡udio fora de sincronia,1
Ã¡udio adiantado absurdo,1
socorro ğŸ’ªğŸ’ª,0
jogada linda gente,0
tÃ¡ sem narraÃ§Ã£o,1
que interessante pra mim tambÃ©m,0
tÃ¡ travando muito pqp,1
som atrasado pessoal,1
som estourado cara,1
mano agora voltou o som,0
dÃ¡ erro toda hora pra mim tambÃ©m,1
o narrador foi ğŸ˜¤,1
que drrible sempre isso,0
o som fica sumindo pessoal,1
nÃ£o tem som tbm,1
roubaram mano,0
esse juiz e roubado,0
sem Ã¡udio,1
vai seleÃ§Ã£o,0
para toda hora,1
bom dia,0
caiu a live kk,1
o som sumiu,1
gente som caiu,1
Flamengo Ã© o maior,0
o Ã¡udio some vez ou outra,1
Ã¡udio tÃ¡ picotando??,1
uÃ© nÃ£o tem mais som,1
voltou o Ã¡udio ğŸ˜­,0
o carregamento nÃ£o acaba aqui tambÃ©m,1
som chiando tbm,1
vai GrÃªmio aqui tambÃ©m,0
que nada a ver,0
bom dia pra mim tambÃ©m,0
boa...,0
borrado demais kkk,1
som adiantado,1
ğŸ†,0
sem narrador aqui tb,1
nÃ£o ouÃ§o nada kk,1
esse juiz Ã© roubado sempre isso,0
recomeÃ§ou do zero de novo,1
sem Ã¡udio aqui kk,1
cara kk,0
aqui tÃ¡ liso!!!,0
Ã¡udio gaguejando!!!,1
kkk que isso,0
FLA FLA FLA cara,0
a live fechou,1
pra mim tÃ¡ bom horrÃ­vel,0
ğŸ‘ğŸ‘ mano,0
rsrsrs,0
ğŸ”¥ğŸ”¥ cara,0
vai vai vai,0
qualidade ruim,1
alguÃ©m mais a live caiu?,1
quem fez o gol? sempre isso,0
nÃ£o abre horrÃ­vel,1
cara fica rodando,1
a live caiu a live caiu,1
o Ã¡udio tÃ¡ uns 3s adiantado kk,1
alguÃ©m mais som picotando?,1
gente tela preta aqui,1
que lindo,0
nÃ£o tem Ã¡udio,1
dÃ¡ bug aqui ğŸ˜­,1
o som tÃ¡ estourado absurdo,1
sÃ³ eu Ã¡udio duplicado?,1
incrÃ­vel,0
todo mundo que situaÃ§Ã£o,0
impossÃ­vel,0
mano o narrador tÃ¡ Ã³timo,0
o que houve?,0
o Ã¡udio sumiu pqp,1
eco no som kkk,1
sÃ³ eu o som tÃ¡ com eco?,1
vÃ­deo travando aqui tb,1
sÃ³ eu que time?,0
era pÃªnalti,0
massa ğŸ˜¤,0
rsrsrs ğŸ˜¤,0
socorro nÃ£o entendi,0
video parado,1
desincronizado de novo,1
uÃ© eco enorme,1
nossa kkk,0
roubaram sempre isso,0
nÃ£o acredito aqui tb,0
Fla campeÃ£o horrÃ­vel,0
todo mundo dois sons ao mesmo tempo,1
sÃ³ eu quando comeÃ§a??,0
kkk que isso que isso,0
mano a live recomeÃ§ou,1
âš½âš½...,0
o Ã¡udio distorceu,1
time bom,0
goleiro ruim cara,0
mano aqui tÃ¡ normal,0
que erro aqui tambÃ©m,0
incrÃ­vel de novo,0
rsrs de novo,0
vai GrÃªmio pessoal,0
uÃ© que chute,0
interessante pessoal,0
o Ã¡udio sumiu ğŸ˜­,1
voltou a live,0
que narrador bom que isso,0
uÃ© buffering demais,1
para toda hora absurdo,1
tÃ¡ em baixÃ­ssima qualidade,1
kkk mano horrÃ­vel,0
confuso gente,0
que horas comeÃ§a?!!!,0
audio dessincronizado,1
ğŸ‰ kkk,0
ğŸ˜,0
Ã¡rbitro favorecendo,0
travando,1
nÃ£o consegue carregar,1
ğŸ”¥ğŸ”¥ pqp,0
boca e voz nÃ£o tÃ£o sincronizados,1
esse juiz Ã© roubado ğŸ˜­,0
gente o Ã¡udio nÃ£o tÃ¡ sincronizado,1
mano boa tarde galera,0
tÃ¡ pixelado,1
time ruim aqui tb,0
que interessante,0
gol!,0
mano tela preta aqui,1
som cortando,1
muito pixelado,1
uÃ© o Ã¡udio distorceu,1
socorro ğŸ†,0
Ã¡udio fora de sincronia ğŸ˜¤,1
uau pessoal,0
mano o Ã¡udio tÃ¡ com eco,1
nao carrega de jeito nenhum,1
Ã¡udio travando ainda,1
que comentarista de novo,0
nota 10 aqui tambÃ©m,0
e aÃ­ pessoal??,0
dÃ¡ erro aqui,1
eco no som mano,1
Ã¡udio bugou aqui tb,1
vai Palmeiras ğŸ˜­,0
narrador caiu ainda,1
socorro narrador caiu,1
travou de vez horrÃ­vel,1
eco enorme,1
quanto tÃ¡ o placar? horrÃ­vel,0
comentarista bom,0
esse jogador nao presta,0
vÃ­deo travando??,1
kkkkk,0
ğŸ™Œ kkk,0
caiu pra mim,1
perdeu o som pqp,1
ficou sem som kkk,1
a imagem congelou,1
travando feio...,1
fica parando horrÃ­vel,1
juiz horrÃ­vel,0
vai vaaaai,0
sumiu o Ã¡udio,1
jogaÃ§o pqp,0
todo mundo joga mais,0
o Ã¡udio morreu,1
â¤ï¸â¤ï¸ kk,0
o som tÃ¡ cortando??,1
pÃªnalti isso,0
jÃ¡ voltou,0
mano gente,0
o Ã¡udio some vez ou outra gente,1
aqui tÃ¡ perfeito que isso,0
som ruim demais,1
travou de vez,1
sensacional tbm,0
a imagem parou ainda,1
ğŸ‘ğŸ‘ğŸ‘,0
todo mundo tÃ¡ em 144p,1
jogo fraco aqui tb,0
pra mim tÃ¡ perfeito cara,0
gente sÃ³ fica carregando,1
cara live foi abaixo,1
buffering demais aqui tambÃ©m,1
mano o carregamento nÃ£o acaba,1
hauahauahau...,0
gente buffering demais,1
muito pixelado tbm,1
vai Internacional??,0
kkk mano,0
vai Athletico,0
o Ã¡udio some vez ou outra ainda,1
demais...,0
mano assistindo aqui,0
socorro tÃ¡ tela preta,1
fica rodando sempre isso,1
olÃ¡ que isso,0
o que foi?,0
mano hahahaha,0
cara Corinthians!,0
tÃ¡ melhor agora ğŸ˜¤,0
todo mundo audio bugou,1
a transmissÃ£o voltou kkk,0
comprimido demais gente,1
nota 10,0
cara Ã¡rbitro favorecendo,0
qualidade caiu horrÃ­vel,1
Tricolor!,0
uÃ© transmissÃ£o caiu,1
nÃ£o tÃ¡ funcionando sempre isso,1
que nada a ver!!!,0
vai Corinthians kk,0
Ã¡udio travando Ã¡udio travando,1
para toda hora pessoal,1
transmissÃ£o caiu,1
o som tÃ¡ uns 2 segundos atrÃ¡s??,1
que drrible pessoal,0
aqui tÃ¡ Ã³timo??,0
socorro muito pixelado,1
e aÃ­? absurdo,0
todo mundo fora de sinc,1
som estourado,1
buffering infinito ğŸ˜¤,1
pixelando,1
kkkkkkkk pessoal,0
o que houve? aqui tb,0
socorro FLA FLA FLA,0
sÃ³ tela preta,1
vai Brasil que isso,0
a narraÃ§Ã£o sumiu pra mim tambÃ©m,1
narraÃ§Ã£o boa,0
sÃ³ eu 10?,0
a transmissÃ£o voltou que isso,0
socorro o som tÃ¡ estourado,1
todo mundo bora MengÃ£o,0
meu Deus pessoal,0
vai GrÃªmio pqp,0
jogo bom kkk,0
uÃ© tÃ¡ congelado,1
sÃ³ eu olÃ¡?,0
tÃ´ sem som,1
eco no som,1
uÃ© buffering infinito,1
o som sumiu aqui tb,1
aqui tÃ¡ liso,0
quantos gols fez? cara,0
black screen black screen,1
jogaÃ§o,0
resolveu o som cara,0
meu Deus pqp,0
todo mundo nÃ£o tÃ¡ funcionando,1
foi o Ã¡udio aqui tambÃ©m,1
aqui tÃ¡ suave,0
craque demais aqui tambÃ©m,0
a transmissÃ£o encerrou sozinha,1
que absurdo,0
imagem travada??,1
Ã¡udio foi pessoal,1
tÃ¡ sem som,1
mano tÃ¡ sem narrador,1
quem tÃ¡ ganhando? absurdo,0
Ã¡udio caiu,1
som horrÃ­vel??,1
perdeu o som,1
ğŸ˜ que isso,0
sÃ³ eu joga mais?,0
mano kkk,0
gente recomeÃ§ou do zero,1
sÃ³ eu nÃ£o tÃ¡ travando aqui?,0
tela preta kkk,1
mano top,0
cadÃª o Ã¡udio aqui tambÃ©m,1
aqui tÃ¡ Ã³timo horrÃ­vel,0
imagem travada pessoal,1
vÃ­deo congelou!!!,1
rsrsrsrs,0
10/10 cara,0
nÃ£o foi pÃªnalti!!!,0
Ã¡udio duplicado tbm,1
Ã¡udio interrompendo pra mim tambÃ©m,1
Ã¡udio gaguejando,1
KKKKKKK,0
o Ã¡udio tÃ¡ fora de sincronia,1
qualidade horrÃ­vel,1
sÃ³ eu Porco!?,0
imagem borrada,1
e entÃ£o? mano,0
cara maneiro,0
silencio total,1
cadÃª o som de novo,1
quantos gols fez? ainda,0
socorro KKKKKKK,0
Ã¡udio na frente do vÃ­deo,1
todo mundo sla,0
socorro a transmissÃ£o caiu,1
nÃ£o foi pÃªnalti??,0
perdeu o narrador aqui tb,1
todo mundo que nada a ver,0
resolveu pra mim tambÃ©m,0
travando demais,1
todo mundo tela preta,1
jogo fraco kkk,0
travando pra caramba kk,1
que time que time,0
goool ğŸ˜¤,0
fica congelando,1
roubaram demais,0
alguÃ©m mais Corinthians!?,0
socorro ficou com erro,1
cara travando feio,1
ficou em baixa resoluÃ§Ã£o!!!,1
cara jogo ruim,0
vai vai vai ğŸ˜­,0
que loucura!!!,0
pra mim tÃ¡ perfeito,0
Ã¡udio caiu...,1
ta pixelado,1
a live recomeÃ§ou,1
boa noite pessoal kk,0
craque demais,0
jogador ruim,0
cheguei,0
nÃ£o tÃ´ ouvindo nada horrÃ­vel,1
vÃ­deo pixelado de novo,1
o Ã¡udio sumiu kk,1
Ã¡udio bugou,1
que gol! que isso,0
sÃ³ vejo tela preta,1
desincronizado pra mim tambÃ©m,1
ficou em baixa resoluÃ§Ã£o,1
uÃ© kk,0
sei lÃ¡ kkk,0
som duplicado kkk,1
ğŸ‰ğŸ‰ kkk,0
kkk mano...,0
uÃ© tÃ¡ melhor agora,0
uÃ© sÃ³ tela preta,1
Ã¡udio foi pra mim tambÃ©m,1
ficou sem Ã¡udio que isso,1
golaÃ§o ğŸ˜¤,0
voltou a live sempre isso,0
depende,0
nÃ£o tÃ¡ funcionando,1
socorro cara,0
cara a live nÃ£o abre,1
ğŸ˜‚ğŸ˜‚ğŸ˜‚ aqui tb,0
uÃ© agora voltou o som,0
travando pra caramba tbm,1
uÃ© cheguei,0
narraÃ§Ã£o boa absurdo,0
10!!!,0
quem tÃ¡ ganhando? pra mim tambÃ©m,0
kk,0
nÃ£o carrega,1
aqui chegando ğŸ˜¤,0
uau cara,0
Ã¡udio distorcido de novo,1
tÃ¡ congelando que isso,1
cara Ã¡udio voltou,0
uÃ© nÃ£o ouÃ§o nada,1
o som tÃ¡ atrasado,1
dahora!,0
âš½,0
qualidade baixou,1
impossÃ­vel...,0
dahora sempre isso,0
a live voltou kkk,0
ğŸ™Œ gente,0
ficou sem narraÃ§Ã£o,1
jÃ¡ resolveu horrÃ­vel,0
Ã¡udio cortando,1
socorro o Ã¡udio distorceu,1
que partida ainda,0
sÃ³ eu nÃ£o foi pÃªnalti?,0
time bom ğŸ˜¤,0
o meu tÃ¡ normal,0
todo mundo som distorcido,1
o Ã¡udio tÃ¡ atrasado,1
time ruim??,0
o som fica sumindo!!!,1
KKKKKKK aqui tambÃ©m,0
foi do ar,1
que defesa ainda,0
ğŸ™ŒğŸ™Œ??,0
â¤ï¸ sempre isso,0
que chute,0
Ã¡udio fora de sincronia,1
todo mundo gol!,0
a transmissÃ£o ficou tela preta tbm,1
Fla campeÃ£o tbm,0
tÃ¡ sem narraÃ§Ã£o ğŸ˜­,1
vÃ­deo pixelado pra mim tambÃ©m,1
travando aqui absurdo,1
o som tÃ¡ estourado pessoal,1
imagem pixelada pra mim tambÃ©m,1
nÃ£o abre a live ğŸ˜­,1
o vÃ­deo travou,1
buffering infinito tbm,1
vai Corinthians vai Corinthians,0
reiniciou do zero cara,1
BRASIL,0
ğŸ‘ğŸ‘,0
o narrador foi,1
muito buffering gente,1
kkkkkkkkkkk aqui tb,0
sei lÃ¡,0
ğŸ˜ğŸ˜,0
muito buffering,1
o Ã¡udio sumiu,1
isso foi fora nÃ©?!!!,0
o Ã¡udio tÃ¡ cortando pessoal,1
aqui tÃ¡ funcionando horrÃ­vel,0
boca e voz nÃ£o tÃ£o sincronizados aqui tb,1
interessante interessante,0
cara pra mim tambÃ©m,0
loading eterno cara,1
kkk,0
perdeu o Ã¡udio,1
nÃ£o toca pra mim tambÃ©m,1
boa! ainda,0
bora bora bora kkk,0
socorro a live nÃ£o abre,1
qual Ã© o canal?,0
boa tarde galera,0
Ã¡udio duplicado,1
era falta,0
que time aqui tb,0
gente tÃ¡ em 144p,1
pixelando sempre isso,1
era falta ğŸ˜­,0
muito borrado,1
to assistindo absurdo,0
quantos gols fez? aqui tambÃ©m,0
sÃ³ vejo tela preta aqui tambÃ©m,1
todo mundo e entÃ£o?,0
ficou sem Ã¡udio tbm,1
pixelou,1
que jogada de novo,0
voltou o Ã¡udio pessoal,0
travando feio mano,1
socorro Brasil campeÃ£o,0
a live caiu,1
o Ã¡udio tÃ¡ na frente,1
sumiu o Ã¡udio pqp,1
resolveu,0
aqui tÃ¡ normal pessoal,0
haha que isso,0
socorro olÃ¡ a todos,0
som picotando,1
Ã¡udio duplicado??,1
FLA FLA FLA,0
show!!!,0
o Ã¡udio tÃ¡ uns 3s adiantado pessoal,1
Palmeiras campeÃ£o ainda,0
nÃ£o sei,0
sem som tbm,1
TimÃ£o!,0
ğŸ‘ğŸ‘ cara,0
cara Ã¡udio bugou,1
Ã¡udio travando ğŸ˜¤,1
cara o som tÃ¡ atrasado,1
som caiu,1
seleÃ§Ã£o! ğŸ˜­,0
qualidade pÃ©ssima aqui tb,1
sÃ³ vejo tela preta tbm,1
ğŸ’ª,0
que comentarista aqui tambÃ©m,0
fala galera gente,0
o Ã¡udio distorceu que isso,1
que chute...,0
Ã¡udio distorcido pra mim tambÃ©m,1
cara boa noite pessoal,0
legal pessoal,0
o narrador tÃ¡ Ã³timo,0
pra mim tÃ¡ bom,0
muito borrado kkk,1
vÃ­deo pixelado absurdo,1
BRASIL aqui tambÃ©m,0
o Ã¡udio nÃ£o tÃ¡ sincronizado mano,1
to aqui to aqui,0
sei lÃ¡ mano,0
jÃ¡ comeÃ§ou? cara,0
que situaÃ§Ã£o de novo,0
dahora! ainda,0
o Ã¡udio voltou normal,0
audio sumiu pessoal,1
que juiz pqp,0
Ã¡udio cortando sempre isso,1
nada a ver de novo,0
nossa senhora gente,0
legal,0
top,0
a transmissÃ£o encerrou sozinha a transmissÃ£o encerrou sozinha,1
mano bora Brasil,0
massa ğŸ˜­,0
nÃ£o tem narrador que isso,1
a imagem congelou pqp,1
que cena kkk pessoal,0
ğŸ‰...,0
o vÃ­deo travou ğŸ˜­,1
a live voltou que isso,0
Ã¡udio foi horrÃ­vel,1
o Ã¡udio sumiu pessoal,1
Ã¡udio estourado horrÃ­vel,1
som duplicado som duplicado,1
cadÃª o Ã¡udio,1
mano salve!,0
alguÃ©m mais vÃ­deo pixelado?,1
cadÃª o Ã¡udio aqui tb,1
gente tÃ¡ sem som,1
alguÃ©m mais talvez?,0
o Ã¡udio fica cortando kkk,1
que isso de novo,0
que falha de novo,0
sumiu a narraÃ§Ã£o,1
esse jogador nÃ£o presta ğŸ˜¤,0
narrador caiu,1
socorro vai Brasil,0
desincronizado mano,1
nÃ£o abre,1
sem som ainda,1
tÃ¡ congelando,1
live caindo,1
resoluÃ§Ã£o caiu aqui tambÃ©m,1
jogador ruim gente,0
a imagem congelou horrÃ­vel,1
som distorcido tbm,1
voltou a live pqp,0
que animaÃ§Ã£o do narrador,0
Ã¡udio voltou aqui tb,0
som distorcido,1
alguÃ©m mais jÃ¡ voltou?,0
qualidade ruim??,1
uÃ© eco no som,1
to aqui pessoal,0
ficando sem Ã¡udio pessoal,1
jÃ¡ resolveu pra mim tambÃ©m,0
qualidade horrÃ­vel kk,1
travando aqui cara,1
som chiando,1
nada a ver cara,0
vai seleÃ§Ã£o ğŸ˜­,0
nÃ£o tem som cara,1
gente loading eterno,1
alguÃ©m mais o som tÃ¡ com eco?,1
uÃ© qualidade horrÃ­vel,1
cara frango do goleiro,0
Brasil campeÃ£o horrÃ­vel,0
fica parando cara,1
socorro Ã¡udio ruim demais,1
audio sumiu ainda,1
alguÃ©m mais qualidade ruim?,1
nÃ£o tÃ¡ travando aqui ğŸ˜¤,0
kkkkkkkkkkk ğŸ˜¤,0
caiu pra mim de novo,1
desincronizado,1
recomecou do zero,1
transmissÃ£o caiu que isso,1
quem fez o gol? de novo,0
mano cheio de pixel,1
sla absurdo,0
nÃ£o tem mais Ã¡udio pessoal,1
nÃ£o tÃ´ ouvindo nada pqp,1
sem audio aqui,1
mano som estourado,1
gente voltou a live,0
uÃ© fica no loading,1
uÃ© ğŸ¤£ğŸ¤£ğŸ¤£,0
nÃ£o entendi tbm,0
jogaco,0
dahora ainda,0
voltou do zero,1
que time,0
ğŸ˜‚ğŸ˜‚ğŸ˜‚ pessoal,0
a tela ficou preta,1
todo mundo roubaram,0
dÃ¡ erro aqui aqui tambÃ©m,1
uÃ© top,0
caiu a live cara,1
travou de vez ainda,1
cara tÃ¡ congelando,1
socorro tÃ¡ sem Ã¡udio,1
nÃ£o tem mais som ainda,1
tÃ¡ carregando infinito,1
Brasil campeÃ£o,0
meu Ã¡udio sumiu,1
cadÃª o narrador gente,1
nÃ£o tem mais Ã¡udio,1
voltou a transmissÃ£o...,0
fala galera,0
Ã¡udio fora de sincronia pra mim tambÃ©m,1
ğŸ‘ğŸ‘,0
meu Deus kkk,0
nÃ£o reproduz,1
salve galera salve galera,0
cadÃª o narrador de novo,1
sÃ³ eu som horrÃ­vel?,1
tÃ¡ sem som tbm,1
tÃ¡ travando muito,1
âš½ mano,0
tÃ¡ rodando,1
que jogada pra mim tambÃ©m,0
boa tarde galera kk,0
ğŸ‰ğŸ‰ pra mim tambÃ©m,0
bora bora bora,0
sem Ã¡udio pessoal,1
que pintura ğŸ˜¤,0
tela preta aqui,1
tÃ¡ carregando infinito aqui tambÃ©m,1
travando pra caramba,1
voltou o Ã¡udio mano,0
resoluÃ§Ã£o caiu,1
dÃ¡ erro aqui aqui tb,1
ficou sem som,1
que gol!!!!,0
esse juiz Ã© roubado ğŸ˜¤,0
sem audio pra mim tambÃ©m,1
huehuehue aqui tb,0
rsrs ğŸ˜­,0
olÃ¡ a todos aqui tb,0
gente haha,0
dÃ¡ erro toda hora aqui tambÃ©m,1
que gol! absurdo,0
nÃ£o tÃ¡ travando aqui...,0
fica rodando kk,1
a live caiu ğŸ˜­,1
to assistindo,0
aqui nÃ£o tÃ¡ travando,0
tÃ¡ sem narrador ğŸ˜­,1
isso foi fora nÃ©?...,0
ğŸ˜†ğŸ˜†,0
nÃ£o foi pÃªnalti nÃ£o foi pÃªnalti,0
a live nÃ£o abre mano,1
GOOOOOOL...,0
uÃ© audio sumiu,1
Ã¡udio ruim demais horrÃ­vel,1
fora de sinc ainda,1
resoluÃ§Ã£o tÃ¡ horrÃ­vel ğŸ˜­,1
gente Porco!,0
eco no Ã¡udio ğŸ˜¤,1
o som tÃ¡ cortando aqui tambÃ©m,1
bom dia??,0
ficou em baixa resoluÃ§Ã£o??,1
o jogador foi bem absurdo,0
craque demais pessoal,0
Ã¡udio chiando de novo,1
ğŸ˜†ğŸ˜† horrÃ­vel,0
sem audio,1
arbitro ruim,0
que isso pessoal,0
ğŸ‘ğŸ‘ğŸ‘ que isso,0
uÃ© interessante,0
sÃ³ eu cadÃª o Ã¡udio?,1
que drrible,0
voltou do zero kkk,1
vai vaaaai??,0
nÃ£o tÃ´ ouvindo nada,1
mano perdeu o Ã¡udio,1
perdeu o som ğŸ˜¤,1
e daÃ­? de novo,0
o carregamento nÃ£o acaba??,1
o Ã¡udio tÃ¡ uns 3s adiantado,1
recomeÃ§ou do zero??,1
assistindo aqui,0
nÃ£o acredito,0
tÃ´ sem som!!!,1
kkk kkk,0
alguÃ©m mais a imagem parou?,1
o audio ta na frente,1
vai GrÃªmio,0
kkkkkkkkkkk pqp,0
o Ã¡udio nÃ£o tÃ¡ sincronizado,1
absurdo,0
uÃ© o Ã¡udio voltou normal,0
FLA FLA FLA ğŸ˜­,0
â¤ï¸,0
ğŸ”¥ sempre isso,0
que isso,0
sÃ³ eu tÃ¡ sem narrador?,1
que animaÃ§Ã£o do narrador!!!,0
que coisa pra mim tambÃ©m,0
salve! ainda,0
o Ã¡udio tÃ¡ fora de sincronia pqp,1
fica rodando,1
seleÃ§Ã£o!,0
desfocado demais,1
tela preta do nada??,1
socorro caiu pra mim,1
aqui tÃ¡ perfeito aqui tÃ¡ perfeito,0
caiu aqui que isso,1
sÃ³ eu voltou?,0
sÃ³ eu a live reiniciou?,1
sem audio kk,1
todo mundo imagem pixelada,1
Ã¡udio adiantado,1
mano aqui tÃ¡ suave,0
sÃ³ vejo tela preta pqp,1
que cabeÃ§ada ğŸ˜­,0
tÃ¡ rodando cara,1
o que foi? kk,0
a live foi do ar,1
chegando aqui absurdo,0
perdeu o narrador,1
jogada linda sempre isso,0
caiu a live,1
live foi abaixo,1
juiz vendido,0
alguÃ©m mais ficou sem Ã¡udio?,1
alguÃ©m sabe o placar?,0
sem narrador,1
todo mundo melhor jogo do ano,0
borrado demais,1
dois sons ao mesmo tempo,1
confuso pqp,0
que situaÃ§Ã£o kk,0
nÃ£o tem mais som,1
todo mundo 10/10,0
sÃ³ eu o narrador sumiu?,1
fica carregando de novo,1
nÃ£o abre a live,1
que coisa??,0
caramba ğŸ˜¤,0
erro de reproducao,1
Ã¡udio dessincronizado pra mim tambÃ©m,1
Ã¡rbitro ruim cara,0
dahora! sempre isso,0
Ã¡udio ruim demais kkk,1
tÃ´ sem som pra mim tambÃ©m,1
hauahauahau ğŸ˜¤,0
sÃ³ fica carregando,1
10/10,0
voltou a transmissÃ£o aqui tb,0
alguÃ©m mais PLACAR ERRADO?,1
Ã¡udio com eco cara,1
todo mundo e aÃ­ pessoal,0
socorro qual Ã© o canal?,0
mano depende,0
Ã¡rbitro ruim,0
alguÃ©m mais meu Ã¡udio sumiu?,1
sem Ã¡udio aqui,1
nÃ£o consegue carregar cara,1
mano tÃ¡ carregando infinito,1
jÃ¡ resolveu,0
o jogador foi bem,0
nÃ£o toca cara,1
o que houve? de novo,0
jogo ruim,0
eco enorme ğŸ˜­,1
que coisa kkk,0
que erro,0
o Ã¡udio nÃ£o tÃ¡ sincronizado pqp,1
que jogador,0
imagem travada,1
aqui nÃ£o tÃ¡ travando que isso,0
que situaÃ§Ã£o,0
fica congelando pra mim tambÃ©m,1
kkk que isso ğŸ˜­,0
tÃ¡ pixelado pqp,1
jogo bom,0
nÃ£o abre pqp,1
ğŸ¤£ğŸ¤£ğŸ¤£,0
nÃ£o consegue carregar pqp,1
jÃ¡ comeÃ§ou? ğŸ˜­,0
gente bora bora bora,0
nÃ£o tem mais Ã¡udio kkk,1
qualidade baixou gente,1
quanto tÃ¡ o placar?,0
tÃ¡ tela preta,1
mano muito borrado,1
socorro qualidade pÃ©ssima,1
socorro sei lÃ¡,0
vai Palmeiras,0
narrador animado kkk,0
ğŸ†??,0
cheio de pixel,1
a transmissÃ£o caiu horrÃ­vel,1
que horÃ¡rio Ã©? mano,0
todo mundo quando comeÃ§a?,0
melhorou,0
ğŸ˜??,0
era pÃªnalti absurdo,0
salve galera de novo,0
PLACAR ERRADO pra mim tambÃ©m,1
alguÃ©m mais ficou tela preta?,1
sem audio aqui kkk,1
â¤ï¸â¤ï¸ kkk,0
nÃ£o foi falta sempre isso,0
vÃ­deo na frente do Ã¡udio,1
uÃ© som duplicado,1
tela preta pra mim pessoal,1
que coisa,0
alguÃ©m mais voltou?,0
quem fez o gol?!!!,0
Ã¡udio ruim demais,1
nÃ£o tÃ¡ travando aqui,0
resoluÃ§Ã£o tÃ¡ horrÃ­vel de novo,1
erro de reproduÃ§Ã£o que isso,1
a transmissÃ£o caiu,1
nÃ£o tÃ´ ouvindo nada??,1
tela preta horrÃ­vel,1
frango!!!,0
Ã¡rbitro favorecendo Ã¡rbitro favorecendo,0
gente a tela ficou preta,1
jogo fraco aqui tambÃ©m,0
vai seleÃ§Ã£o ğŸ˜¤,0
o som sumiu...,1
a live encerrou do nada tbm,1
onde assistir? kkk,0
que jogada,0
o narrador tÃ¡ atrasado,1
tÃ¡ dando erro,1
vÃ­deo parado,1
a live reiniciou de novo,1
MengÃ£o! mano,0
uÃ© morreu o Ã¡udio,1
alguÃ©m mais muito pixelado?,1
ğŸ™Œ,0
vÃ­deo travando,1
qual Ã© o canal? cara,0
tÃ¡ congelado pqp,1
live caindo kk,1
a live reiniciou,1
saiu do ar,1
boa pqp,0
tela preta do nada de novo,1
reiniciou do zero pra mim tambÃ©m,1
som picotando pessoal,1
melhor jogo do ano,0
jogaÃ§o kkk,0
socorro que craque,0
alguÃ©m mais oi pessoal?,0
assistindo aqui horrÃ­vel,0
ta com eco,1
o som tÃ¡ estourado,1
alguÃ©m mais time fraco?,0
live foi abaixo sempre isso,1
mano massa,0
pixelando ğŸ˜­,1
mano quanto tÃ¡ o placar?,0
time bom pra mim tambÃ©m,0
narrador animado pessoal,0
hahahaha,0
o jogo Ã© quando?,0
impossÃ­vel pessoal,0
mano Tricolor!,0
que loucura tbm,0
jogo ruim tbm,0
narrador caiu tbm,1
eco no Ã¡udio,1
incrÃ­vel ğŸ˜¤,0
quanto tÃ¡ o placar?...,0
resolveu o som,0
que partida ğŸ˜­,0
huehuehue huehuehue,0
melhor gol do ano,0
quem fez o gol?,0
que narrador bom pqp,0
uÃ© pixelou,1
quando volta?,0
cara som adiantado,1
o Ã¡udio tÃ¡ uns 3s adiantado que isso,1
sensacional sempre isso,0
que juiz??,0
que time hein cara,0
pode ser,0
Ã¡udio com eco,1
mano vai Corinthians,0
bora bora bora pqp,0
GOOOOOOL sempre isso,0
gente o Ã¡udio tÃ¡ com eco,1
qual Ã© o resultado? sempre isso,0
boca e voz nÃ£o tÃ£o sincronizados ainda,1
qualidade do Ã¡udio pÃ©ssima pra mim tambÃ©m,1
qualidade pÃ©ssima pessoal,1
tÃ¡ travando aqui tambÃ©m,1
qualidade do Ã¡udio pÃ©ssima??,1
que golaÃ§o,0
ğŸ”¥ kkk,0
cara era pÃªnalti,0
cara resoluÃ§Ã£o caiu,1
o audio ta uns 3s adiantado,1
cara num sei,0
sÃ³ fica carregando que isso,1
socorro pra mim tÃ¡ perfeito,0
sÃ³ eu que golaÃ§o?,0
voltou do zero aqui tb,1
ğŸ”¥...,0
imagem borrada gente,1
absurdo...,0
travando feio kk,1
vai Internacional,0
alguÃ©m mais nÃ£o sei?,0
o narrador sumiu tbm,1
vai Athletico??,0
caiu aqui,1
socorro sem narraÃ§Ã£o,1
alguÃ©m mais Ã¡udio chiando?,1
tÃ´ sem Ã¡udio,1
gente para toda hora,1
ficou sem narraÃ§Ã£o aqui tb,1
tÃ¡ tela preta ainda,1
sem Ã¡udio ğŸ˜­,1
ğŸ”¥ğŸ”¥,0
todo mundo nÃ£o toca,1
hauhauha aqui tambÃ©m,0
tÃ¡ sem narrador,1
som caiu tbm,1
seleÃ§Ã£o! que isso,0
PLACAR ERRADO pqp,1
comentarista bom absurdo,0
o narrador tÃ¡ atrasado kk,1
erro ao carregar,1
a transmissÃ£o ficou tela preta pqp,1
melhorou pessoal,0
nÃ£o reproduz!!!,1
que craque!!!,0
confuso horrÃ­vel,0
vÃ­deo na frente do Ã¡udio gente,1
que gol!,0
travou pessoal,1
voltou a transmissao,0
dahora dahora,0
que erro gente,0
e aÃ­? aqui tambÃ©m,0
som horrÃ­vel gente,1
sem audio aqui que isso,1
que horas comeÃ§a? ğŸ˜¤,0
agora voltou o som ğŸ˜­,0
vai Brasil ainda,0
rsrsrs kkk,0
vai Santos gente,0
Ã¡udio interrompendo,1
nossa kk,0
cara vai Flamengo!,0
jÃ¡ comeÃ§ou? tbm,0
que time hein sempre isso,0
nÃ£o tem narrador,1
rsrsrsrs kkk,0
fica no loading kk,1
mano tÃ¡ em baixÃ­ssima qualidade,1
tÃ¡ rodando!!!,1
o som tÃ¡ com eco,1
qualidade do Ã¡udio pÃ©ssima,1
mano roubaram demais,0
e entÃ£o? pqp,0
cheio de pixel sempre isso,1
o Ã¡udio tÃ¡ chiando,1
que isso cara,0
gente perdeu o som,1
loading eterno aqui tambÃ©m,1
som atrasado,1
uau,0
gente ğŸ’ª,0
sÃ³ eu voltou do zero?,1
aqui tÃ¡ funcionando,0
aqui tÃ¡ suave...,0
ğŸ‰,0
cara MengÃ£o!,0
vai vaaaai ğŸ˜¤,0
aqui tÃ¡ suave??,0
a tela ficou preta sempre isso,1
travando aqui kkk,1
top aqui tb,0
gente cadÃª o som,1
o Ã¡udio tÃ¡ chiando mano,1
Brasil campeÃ£o...,0
gente aqui tÃ¡ funcionando,0
a transmissÃ£o encerrou sozinha pessoal,1
10 kkk,0
som adiantado aqui tambÃ©m,1
nÃ£o sai do buffer ainda,1
mano pode ser,0
som estourado aqui tb,1
o Ã¡udio fica cortando,1
a transmissÃ£o voltou,0
tÃ¡ bom agora tÃ¡ bom agora,0
ficou sem Ã¡udio,1
goleiro ruim absurdo,0
alguÃ©m mais ficou com erro?,1
mano,0
que cabeÃ§ada absurdo,0
o narrador tÃ¡ Ã³timo o narrador tÃ¡ Ã³timo,0
bora Brasil que isso,0
nÃ£o foi falta,0
cara o Ã¡udio tÃ¡ cortando,1
que horÃ¡rio Ã©?,0
nÃ£o abre a live ainda,1
juiz vendido pra mim tambÃ©m,0
uÃ© o vÃ­deo travou,1
travando demais mano,1
maneiro,0
Ã¡udio com eco kk,1
aqui chegando,0
aqui tÃ¡ ok!!!,0
resolveu aqui tb,0
que juiz ğŸ˜¤,0
cara kkk,0
o narrador foi ainda,1
todo mundo ğŸ˜‚ğŸ˜‚,0
Ã¡udio caiu horrÃ­vel,1
vai Flamengo! vai Flamengo!,0
e aÃ­?,0
olha o goleiro kk,0
cara tÃ¡ sem narraÃ§Ã£o,1
o jogador foi bem aqui tb,0
som horrÃ­vel,1
caiu pra mim ğŸ˜¤,1
pra mim tÃ¡ bom de novo,0
jogada linda mano,0
uÃ© ğŸ‘ğŸ‘,0
resoluÃ§Ã£o tÃ¡ horrÃ­vel,1
ğŸ˜ğŸ˜ de novo,0
ğŸ˜ğŸ˜ kkk,0
impossÃ­vel!!!,0
imagem pixelada ğŸ˜­,1
ğŸ™Œ ğŸ™Œ,0
que jogo chato ğŸ˜¤,0
socorro Ã¡udio na frente do vÃ­deo,1
borrado demais!!!,1
socorro maneiro,0
ta sem narracao,1
ğŸ˜ absurdo,0
que animaÃ§Ã£o do narrador ğŸ˜¤,0
cara dois sons ao mesmo tempo,1
a live voltou kk,0
buffering infinito ğŸ˜­,1
kk ainda,0
buffering aqui tambÃ©m,1
roubaram,0
bufferizando sempre isso,1
tÃ¡ bom agora,0
o jogo Ã© quando? sempre isso,0
qualidade pÃ©ssima,1
o meu tÃ¡ normal sempre isso,0
quando volta?...,0
socorro rsrs,0
o narrador sumiu,1
agora voltou o som,0
ğŸ† ğŸ†,0
congelou horrÃ­vel,1
o vÃ­deo travou absurdo,1
gente live caiu,1
que horas comeÃ§a?...,0
alguÃ©m mais incrÃ­vel?,0
resoluÃ§Ã£o baixou absurdo,1
dÃ¡ erro toda hora??,1
fica parando ainda,1
kkkkk horrÃ­vel,0
som adiantado horrÃ­vel,1
alguÃ©m mais tÃ´ sem Ã¡udio?,1
olÃ¡ a todos,0
nÃ£o acredito que isso,0
gente ğŸ‘ğŸ‘ğŸ‘,0
qualidade caiu qualidade caiu,1
ficou congelado ficou congelado,1
Ã¡udio com eco ğŸ˜¤,1
que time hein,0
alguÃ©m mais boa?,0
o som tÃ¡ uns 2 segundos atrÃ¡s,1
ğŸ‰ ğŸ˜­,0
TimÃ£o! tbm,0
ğŸ”¥,0
Mengao!,0
som picotando tbm,1
a live reiniciou absurdo,1
comentarista bom kkk,0
vÃ­deo pixelado,1
nÃ£o tem som,1
alguÃ©m mais caiu a live?,1
cara ficou em baixa resoluÃ§Ã£o,1
cara ğŸ˜,0
joga mais,0
ficando sem Ã¡udio,1
bora MengÃ£o cara,0
sÃ³ eu o cÃ­rculo fica girando?,1
Ã¡udio gaguejando horrÃ­vel,1
Ã¡udio caiu mano,1
som chiando!!!,1
nÃ£o consigo assistir,1
goool,0
Fla campeÃ£o,0
sÃ³ eu âš½âš½?,0
hauhauha!!!,0
dÃ¡ bug aqui de novo,1
cara sem narraÃ§Ã£o,1
Ã¡udio travando,1
dois Ã¡udios ao mesmo tempo,1
Ã¡udio chiando mano,1
imagem travada...,1
live caiu,1
hahahaha pra mim tambÃ©m,0
dahora mano,0
sem som,1
audio cortando pra mim tambÃ©m,1
alguÃ©m mais Ã¡udio estourado?,1
live caiu ainda,1
alguÃ©m mais muito borrado?,1
reiniciou do zero horrÃ­vel,1
roubaram...,0
que juiz,0
o som tÃ¡ atrasado o som tÃ¡ atrasado,1
ficou congelado,1
audio ta picotando,1
o Ã¡udio tÃ¡ cortando que isso,1
congelou gente,1
to assistindo horrÃ­vel,0
sÃ³ eu era falta?,0
o Ã¡udio fica cortando de novo,1
alguÃ©m mais a live fechou?,1
vai Brasil de novo,0
sem narraÃ§Ã£o de novo,1
PLACAR ERRADO,1
a live foi do ar!!!,1
bora MengÃ£o,0
socorro nÃ£o sai do buffer,1
tela preta do nada,1
sÃ³ eu e aÃ­ pessoal?,0
huehuehue aqui tambÃ©m,0
a imagem parou,1
mano Ã¡rbitro ruim,0
Ã¡udio foi,1
resoluÃ§Ã£o tÃ¡ horrÃ­vel kk,1
quando retorna? ğŸ˜­,0
BRASIL mano,0
pÃªnalti isso horrÃ­vel,0
time fraco,0
o carregamento nÃ£o acaba,1
todo mundo Ã¡udio cortando,1
a transmissÃ£o ficou tela preta!!!,1
kkkkkkkk mano,0
Ã¡udio interrompendo??,1
silÃªncio total kk,1
o Ã¡udio voltou normal de novo,0
gente uau,0
som cortando aqui tambÃ©m,1
todo mundo fala galera,0
live caindo aqui tambÃ©m,1
bufferizando!!!,1
mano frango,0
reiniciou do zero,1
que jogada sempre isso,0
Ã¡udio voltou,0
melhor gol do ano pqp,0
que craque,0
resoluÃ§Ã£o baixou resoluÃ§Ã£o baixou,1
Ã¡udio cortando kk,1
live foi abaixo cara,1
socorro talvez,0
bora Brasil,0
nÃ£o tem narrador pra mim tambÃ©m,1
jÃ¡ comeÃ§ou?,0
gente borrado demais,1
quando volta? que isso,0
socorro foi o Ã¡udio,1
tÃ¡ melhor agora ainda,0
alguÃ©m mais que jogador?,0
gente travou de vez,1
salve! pra mim tambÃ©m,0
sÃ³ eu sem som aqui?,1
imagem travada ainda,1
KKK de novo,0
Porco! tbm,0
sumiu a narraÃ§Ã£o!!!,1
aqui tÃ¡ normal,0
audio sumiu pra mim tambÃ©m,1
num sei pessoal,0
que narrador bom que narrador bom,0
Porco!,0
cara bufferizando,1
jogo ruim...,0
PLACAR ERRADO cara,1
que absurdo aqui tambÃ©m,0
sÃ³ eu Ã¡udio tÃ¡ picotando?,1
sÃ³ eu o som tÃ¡ uns 2 segundos atrÃ¡s?,1
cadÃª o som sempre isso,1
Ã¡rbitro favorecendo ğŸ˜­,0
o Ã¡udio morreu horrÃ­vel,1
nossa,0
Flamengo Ã© o maior cara,0
ğŸ‘ğŸ‘ğŸ‘!!!,0
alguÃ©m mais aqui tÃ¡ normal?,0
confuso,0
ficando sem Ã¡udio sempre isso,1
aqui tÃ¡ ok pqp,0
que jogo chato??,0
pra mim tÃ¡ perfeito tbm,0
Ã¡udio tÃ¡ picotando,1
â¤ï¸â¤ï¸,0
tela preta pra mim ğŸ˜­,1
travou,1
Palmeiras campeÃ£o de novo,0
ğŸ˜‚ğŸ˜‚ğŸ˜‚ gente,0
socorro erro ao carregar,1
boa noite pessoal,0
ğŸ”¥ğŸ”¥ğŸ”¥??,0
aqui tÃ¡ funcionando pra mim tambÃ©m,0
fica congelando??,1
o cÃ­rculo fica girando sempre isso,1
o vÃ­deo travou de novo,1
golaÃ§o ainda,0
socorro nÃ£o foi falta,0
narrador sumiu,1
alguÃ©m mais ğŸ‘?,0
eco no som sempre isso,1
salve galera,0
gente o Ã¡udio some vez ou outra,1
mano Ã¡udio estourado,1
uÃ© o Ã¡udio tÃ¡ fora de sincronia,1
dÃ¡ bug aqui mano,1
sÃ³ eu qual Ã© o resultado??,0
uau kkk,0
uÃ© sumiu o som,1
mano aqui tÃ¡ ok,0
que defesa ğŸ˜¤,0
a imagem parou ğŸ˜¤,1
que pintura,0
sumiu o som horrÃ­vel,1
nÃ£o tem Ã¡udio ainda,1
nÃ£o tÃ¡ funcionando ğŸ˜¤,1
Flamengo Ã© o maior que isso,0
cara aqui tÃ¡ normal,0
oi pessoal pessoal,0
Ã¡udio voltou kkk,0
absurdo sempre isso,0
que drrible aqui tambÃ©m,0
que isso...,0
mano isso foi fora nÃ©?,0
que horÃ¡rio Ã©? aqui tb,0
jogo bom que isso,0
era falta pqp,0
resolveu mano,0
foi do ar aqui tb,1
rsrs,0
sla,0
e daÃ­? kk,0
cadÃª o som,1
som atrasado...,1
meu Ã¡udio sumiu pra mim tambÃ©m,1
a transmissÃ£o ficou tela preta de novo,1
roubaram demais de novo,0
eco no Ã¡udio kkk,1
tÃ¡ dando erro de novo,1
gente pode ser,0
cara 10/10,0
que horas comeÃ§a?,0
o Ã¡udio tÃ¡ cortando aqui tb,1
tÃ¡ sem Ã¡udio!!!,1
mano que jogador,0
sÃ³ eu Ã¡udio bugou?,1
chegando aqui,0
frango do goleiro ğŸ˜¤,0
e entÃ£o?,0
chegando aqui pqp,0
olha o goleiro...,0
ğŸ™ŒğŸ™Œ horrÃ­vel,0
o Ã¡udio tÃ¡ na frente que isso,1
cara sÃ³ fica carregando,1
o Ã¡udio tÃ¡ na frente aqui tambÃ©m,1
o Ã¡udio voltou normal tbm,0
impossÃ­vel impossÃ­vel,0
que partida...,0
absurdo ğŸ˜¤,0
travando aqui,1
fica carregando mano,1
onde assistir? absurdo,0
jogada linda,0
gente vai Flamengo!,0
que absurdo cara,0
congelou kkk,1
Corinthians!,0
a live fechou pra mim tambÃ©m,1
tela preta do nada horrÃ­vel,1
depende tbm,0
o narrador sumiu sempre isso,1
o Ã¡udio tÃ¡ atrasado ainda,1
sÃ³ eu nada a ver?,0
ficou com erro,1
sÃ³ eu vai GrÃªmio?,0
vai Athletico horrÃ­vel,0
bora MengÃ£o ğŸ˜­,0
pode ser kk,0
sumiu o som,1
tÃ¡ com eco,1
a tela ficou preta??,1
vai Palmeiras!!!,0
sem som aqui ğŸ˜­,1
erro de reproduÃ§Ã£o,1
imagem borrada pessoal,1
ğŸ”¥ğŸ”¥ğŸ”¥ pra mim tambÃ©m,0
o que foi? cara,0
comprimido demais!!!,1
uÃ© que cena kkk,0
Ã¡udio interrompendo sempre isso,1
boa,0
que coisa tbm,0
sÃ³ eu goool?,0
cara que interessante,0
gente que interessante,0
mano tÃ¡ bom agora,0
muito buffering absurdo,1
que jogo chato cara,0
que cabeÃ§ada,0
ğŸ˜†ğŸ˜†??,0
a live caiu de novo,1
gente pixelando,1
comprimido demais absurdo,1
Flamengo Ã© o maior gente,0
tÃ¡ travando muito ainda,1
sÃ³ eu a live recomeÃ§ou?,1
a narraÃ§Ã£o sumiu??,1
num sei,0
time ruim gente,0
oi pessoal,0
travando demais que isso,1
caramba pra mim tambÃ©m,0
que nada a ver absurdo,0
cadÃª o narrador,1
sumiu a narraÃ§Ã£o horrÃ­vel,1
sumiu o Ã¡udio ğŸ˜­,1
cara qualidade horrÃ­vel,1
buffering infinito,1
o narrador foi gente,1
meu Deus,0
todo mundo ğŸ™Œ,0
melhorou absurdo,0
todo mundo alguÃ©m sabe o placar?,0
ğŸ‘ğŸ‘...,0
bora Brasil kk,0
sem narrador que isso,1
jÃ¡ voltou ğŸ˜­,0
ficou sem som cara,1
time ruim,0
time ruim cara,0
aqui nÃ£o tÃ¡ travando pra mim tambÃ©m,0
mano a live encerrou do nada,1
cara ficou congelado,1
nÃ£o ouÃ§o nada,1
cadÃª o narrador pqp,1
demais,0
que defesa,0
audio cortando ğŸ˜¤,1
socorro transmissÃ£o caiu,1
huehuehue,0
o som tÃ¡ cortando,1
alguÃ©m mais jogo fraco?,0
bufferizando,1
a narraÃ§Ã£o sumiu horrÃ­vel,1
vÃ­deo congelou pessoal,1
travando demais kkk,1
gente a live reiniciou,1
jogador ruim de novo,0
que pintura horrÃ­vel,0
MengÃ£o!,0
nÃ£o carrega de jeito nenhum pessoal,1
tÃ¡ dando erro cara,1
gente vai Palmeiras,0
tÃ¡ melhor agora,0
aqui nÃ£o tÃ¡ travando absurdo,0
eco enorme ainda,1
cheguei cheguei,0
nÃ£o entendi,0
tela preta pra mim kkk,1
ta travando muito,1
hauahauahau aqui tambÃ©m,0
que falha!!!,0
nÃ£o sei absurdo,0
socorro o narrador tÃ¡ atrasado,1
a live foi do ar...,1
todo mundo resoluÃ§Ã£o baixou,1
Ã¡udio atrasado,1
sÃ³ eu nÃ£o consigo assistir?,1
nÃ£o carrega de jeito nenhum pqp,1
oi pessoal kk,0
desfocado demais absurdo,1
todo mundo que golaÃ§o,0
a live caiu de novo mano,1
mano alguÃ©m sabe o placar?,0
sÃ³ eu que partida?,0
voltou horrÃ­vel,0
sem som aqui!!!,1
que loucura horrÃ­vel,0
Fla campeÃ£o pqp,0
nÃ£o reproduz nÃ£o reproduz,1
quando volta? pra mim tambÃ©m,0
juiz vendido gente,0
uÃ© vÃ­deo na frente do Ã¡udio,1
mano maneiro,0
vai seleÃ§Ã£o ainda,0
Fla campeÃ£o de novo,0
audio bugou,1
fica parando,1
qualidade caiu,1
tÃ¡ dando erro??,1
nada a ver tbm,0
socorro vai vai vai,0
voltou o Ã¡udio,0
uÃ© o som tÃ¡ com eco,1
cara depende,0
tÃ¡ travando,1
uÃ© comprimido demais,1
sla horrÃ­vel,0
ğŸ‰ horrÃ­vel,0
socorro nota 10,0
vai Santos ainda,0
mano desfocado demais,1
Tricolor! kk,0
legal ainda,0
10,0
gente pixelou,1
uÃ© nossa senhora,0
o Ã¡udio tÃ¡ com eco,1
morreu o Ã¡udio,1
todo mundo ğŸ˜ğŸ˜,0
ğŸ’ª pra mim tambÃ©m,0
sÃ³ tela preta absurdo,1
frango ainda,0
black screen absurdo,1
kkk??,0
socorro nÃ£o abre,1
sem audio aqui...,1
dahora! dahora!,0
travou ğŸ˜­,1
sem Ã¡udio aqui mano,1
todo mundo nÃ£o entendi,0
alguÃ©m sabe o placar? ğŸ˜­,0
joga mais??,0
num sei que isso,0
tÃ¡ sem Ã¡udio,1
seleÃ§Ã£o! ainda,0
Ã¡udio chiando,1
meu Ã¡udio sumiu ğŸ˜­,1
ficou sem narraÃ§Ã£o pqp,1
alguÃ©m mais tÃ¡ travando muito?,1
sumiu o Ã¡udio sumiu o Ã¡udio,1
o meu tÃ¡ normal cara,0
isso foi fora nÃ©?,0
dÃ¡ erro toda hora,1
quem tÃ¡ ganhando?,0
foi o Ã¡udio pqp,1
sÃ³ eu Ã¡udio horrÃ­vel?,1
mano âš½,0
demais ainda,0
mano sem narrador,1
fica parando gente,1
o som tÃ¡ atrasado...,1
loading eterno pessoal,1
ğŸ˜‚ğŸ˜‚,0
e dai?,0
tela preta do nada pessoal,1
a live fechou sempre isso,1
que chute ainda,0
a live nÃ£o abre,1
goleiro ruim tbm,0
olÃ¡ pessoal,0
gente qual Ã© o resultado?,0
ğŸ¤£ğŸ¤£ğŸ¤£ mano,0
resoluÃ§Ã£o baixou,1
perdeu o Ã¡udio ğŸ˜­,1
todo mundo ğŸ‘,0
sem Ã¡udio ğŸ˜¤,1
socorro tela preta aqui,1
boa gente,0
som ruim demais??,1
que lindo sempre isso,0
recomeÃ§ou do zero,1
e aÃ­?!!!,0
o Ã¡udio tÃ¡ fora de sincronia aqui tb,1
interessante,0
tÃ¡ rodando??,1
que interessante aqui tb,0
dois Ã¡udios ao mesmo tempo mano,1
frango,0
cara quem tÃ¡ ganhando?,0
qual e o canal?,0
o som tÃ¡ cortando!!!,1
alguÃ©m mais a live foi do ar?,1
a live encerrou do nada kkk,1
alguÃ©m mais hauhauha?,0
live caindo horrÃ­vel,1
todo mundo foi do ar,1
mano dÃ¡ erro toda hora,1
jogo fraco,0
todo mundo boa!,0
esse jogador nÃ£o presta,0
cara âš½,0
dois sons ao mesmo tempo pessoal,1
ğŸ‰ğŸ‰,0
fora de sinc,1
nÃ£o consigo assistir ğŸ˜¤,1
muito pixelado gente,1
foi o Ã¡udio,1
hauahauahau,0
nÃ£o tem mais Ã¡udio absurdo,1
Ã¡udio bugou cara,1
frango do goleiro,0
tÃ´ sem Ã¡udio kk,1
salve galera pra mim tambÃ©m,0
loading eterno,1
nÃ£o abre a live sempre isso,1
sem som aqui,1
o Ã¡udio tÃ¡ cortando,1
alguÃ©m mais vai Santos?,0
ficou tela preta,1
ğŸ”¥ğŸ”¥ğŸ”¥ sempre isso,0
sem Ã¡udio kkk,1
aqui tÃ¡ ok,0
vÃ­deo congelou vÃ­deo congelou,1
gente a live recomeÃ§ou,1
mano o som sumiu,1
gente show,0
tÃ¡ em 144p,1
pra mim ta perfeito,0
qual Ã© o resultado?,0
gente ğŸ˜‚ğŸ˜‚,0
MengÃ£o!...,0
sÃ³ eu morreu o Ã¡udio?,1
Palmeiras campeÃ£o,0
mano rsrs,0
uÃ© erro de reproduÃ§Ã£o,1
goool sempre isso,0
som duplicado??,1
cara rsrsrs,0
o Ã¡udio morreu ainda,1
que craque ğŸ˜­,0
hahahaha pqp,0
GOOOOOOL,0
audio cortando,1
absurdo pra mim tambÃ©m,0
vai Athletico ainda,0
cara olÃ¡ a todos,0
ficou sem narraÃ§Ã£o de novo,1
jogador ruim que isso,0
qualidade do Ã¡udio pÃ©ssima kk,1
kkkkkkkkkkk,0
vai vai vai cara,0
o narrador tÃ¡ Ã³timo ğŸ˜­,0
Ã¡udio adiantado aqui tambÃ©m,1
Ã¡udio atrasado kk,1
que defesa ğŸ˜­,0
TimÃ£o! que isso,0
perdeu o narrador cara,1
cara cara,0
gente que erro,0
mano melhorou,0
audio bugou mano,1
Ã¡udio horrÃ­vel,1
Palmeiras campeÃ£o sempre isso,0
som cortando??,1
live caiu sempre isso,1
e aÃ­ pessoal pessoal,0
que lindo ainda,0
talvez talvez,0
golaÃ§o,0
Ã¡udio tÃ¡ picotando pra mim tambÃ©m,1
nota 10 mano,0
cara BRASIL,0
ğŸ‘,0
quando retorna?,0
tÃ¡ congelado,1
â¤ï¸ gente,0
gente ficou tela preta,1
sÃ³ eu jÃ¡ resolveu?,0
quando comeÃ§a?,0
aqui tÃ¡ Ã³timo,0
que falha,0
ğŸ‘ğŸ‘ tbm,0
kkk mano kk,0
vai Flamengo!,0
fala galera...,0
nÃ£o carrega de jeito nenhum,1
foi do ar!!!,1
time fraco sempre isso,0
ğŸ”¥ğŸ”¥ sempre isso,0
rsrsrsrs...,0
o Ã¡udio tÃ¡ atrasado kkk,1
alguÃ©m mais caramba?,0
mano dois Ã¡udios ao mesmo tempo,1
ficou tela preta pra mim tambÃ©m,1
a tela ficou preta pra mim tambÃ©m,1
cara pÃªnalti isso,0
mano caiu aqui,1
que comentarista,0
narrador animado,0
qualidade do Ã¡udio pÃ©ssima que isso,1
todo mundo boa tarde galera,0
tÃ¡ em baixÃ­ssima qualidade aqui tb,1
ğŸ‰ğŸ‰ aqui tb,0
e aÃ­ pessoal,0
nossa senhora,0
o jogo Ã© quando? kkk,0
narraÃ§Ã£o boa tbm,0
Ã¡udio dessincronizado de novo,1
qualidade baixou aqui tb,1
ğŸ˜†ğŸ˜† kk,0
Ã¡udio distorcido,1
que horÃ¡rio Ã©? kkk,0
audio bugou pessoal,1
travando pqp,1
boa noite pessoal!!!,0
todo mundo muito buffering,1
melhor gol do ano kkk,0
travando feio,1
nao tem audio,1
vai SÃ£o Paulo,0
show kk,0
vai Internacional vai Internacional,0
gente qualidade caiu,1
buffering sempre isso,1
fica congelando aqui tb,1
ğŸ’ª kk,0
mano haha,0
travando pessoal,1
live caindo ğŸ˜­,1
uÃ© travando pra caramba,1
sem som ğŸ˜­,1
tÃ¡ congelado tbm,1
qualidade ruim que isso,1
caramba,0
o audio ta com eco,1
o narrador ta atrasado,1
o Ã¡udio some vez ou outra horrÃ­vel,1
que horas comeÃ§a? absurdo,0
a transmissao encerrou sozinha,1
o Ã¡udio fica cortando absurdo,1
resoluÃ§Ã£o tÃ¡ horrÃ­vel pra mim tambÃ©m,1
gol! horrÃ­vel,0
nÃ£o reproduz...,1
alguÃ©m mais tÃ¡ bom agora?,0
erro ao carregar de novo,1
jogo bom ğŸ˜­,0
e entÃ£o? absurdo,0
nÃ£o foi pÃªnalti,0
vÃ­deo na frente do Ã¡udio ğŸ˜¤,1
mano narrador sumiu,1
mano ğŸ‘ğŸ‘,0
quantos gols fez?,0
vai Corinthians,0
alguÃ©m mais cheio de pixel?,1
gente Ã¡udio voltou,0
fica carregando,1
dahora,0
gente nÃ£o tem som,1
sÃ³ eu sem narraÃ§Ã£o?,1
olÃ¡,0
vÃ­deo travando pra mim tambÃ©m,1
que jogo chato,0
ğŸ˜‚ğŸ˜‚ğŸ˜‚ kkk,0
legal gente,0
o Ã¡udio nÃ£o tÃ¡ sincronizado ğŸ˜¤,1
bufferizando ainda,1
Ã¡udio horrÃ­vel mano,1
socorro aqui tÃ¡ perfeito,0
cara narrador sumiu,1
vÃ­deo parado de novo,1
kkk que isso...,0
nossa senhora kk,0
e daÃ­?,0
dois Ã¡udios ao mesmo tempo...,1
todo mundo que animaÃ§Ã£o do narrador,0
nÃ£o acredito kk,0
que golaÃ§o horrÃ­vel,0
goleiro ruim,0
que partida,0
rsrsrsrs sempre isso,0
tÃ¡ pixelado pra mim tambÃ©m,1
